Period,Sub_Period,Sum_FORECAST
4,11,2491319.0932067
4,12,2408384.7836039
5,1,2833157.32138731
5,2,2679433.37162564
5,3,3054885.87648183
5,4,3106151.77924679
5,5,3132699.14459842
5,6,2776154.19545819
5,7,2451565.9414383
5,8,2401771.57483463
5,9,2477301.91634762
5,10,2452170.06939638
